concept_category,concept,n_subj,color_set,V1,V2,V3,V4,V5,V6,V7,V8,V9,V10,V11,V12,V13,V14,V15,V16,V17,V18,V19,V20,V21,V22,V23,V24,V25,V26,V27,V28,V29,V30,V31,V32,V33,V34,V35,V36,V37,V38,V39,V40,V41,V42,V43,V44,V45,V46,V47,V48,V49,V50,V51,V52,V53,V54,V55,V56,V57,V58,V59,V60,V61,V62,V63,V64,V65,V66,V67,V68,V69,V70,V71
fruit,apple,,uw71,0.082685185,0.064953704,0.08462963,0.085138889,0.062037037,0.097222222,0.070972222,0.09212963,0.076712963,0.10625,0.089722222,0.0775,0.072962963,0.096527778,0.066018519,0.109398148,0.134027778,0.108703704,0.159398148,0.17,0.083101852,0.11,0.096111111,0.099768519,0.05837963,0.055416667,0.084814815,0.087268519,0.107916667,0.119490741,0.377731481,0.304583333,0.259166667,0.330185185,0.287777778,0.267175926,0.266203704,0.473796296,0.510231481,0.335277778,0.278981481,0.229722222,0.194768519,0.292083333,0.250092593,0.36712963,0.334814815,0.251203704,0.635648148,0.699027778,0.6475,0.599074074,0.498842593,0.558935185,0.525648148,0.42087963,0.302453704,0.359953704,0.325787037,0.255601852,0.259259259,0.381574074,0.838333333,0.566111111,0.638518519,0.588055556,0.440046296,0.428194444,0.350185185,0.330046296,0.286203704
fruit,banana,,uw71,0.072361111,0.069259259,0.076805556,0.073287037,0.065462963,0.075694444,0.074861111,0.071388889,0.081944444,0.085833333,0.087824074,0.077592593,0.08162037,0.078148148,0.070925926,0.068657407,0.081666667,0.077314815,0.08462963,0.087592593,0.083657407,0.087824074,0.081898148,0.085277778,0.120277778,0.104861111,0.093194444,0.103101852,0.119722222,0.109490741,0.100972222,0.098287037,0.101481481,0.101064815,0.082407407,0.199259259,0.146805556,0.25375,0.329768519,0.232546296,0.235694444,0.248055556,0.268287037,0.428009259,0.484583333,0.215046296,0.172453704,0.138842593,0.092916667,0.100740741,0.308333333,0.334305556,0.289305556,0.315138889,0.404537037,0.474583333,0.460972222,0.725555556,0.692083333,0.196666667,0.253611111,0.12212963,0.087175926,0.296990741,0.326990741,0.347592593,0.492175926,0.573148148,0.794259259,0.876898148,0.395833333
vegetable,carrot,,uw71,0.050235849,0.064150943,0.044339623,0.032358491,0.064669811,0.055330189,0.062641509,0.078679245,0.062641509,0.061698113,0.064292453,0.054198113,0.065990566,0.044622642,0.079009434,0.064622642,0.063820755,0.088773585,0.062688679,0.064103774,0.050188679,0.104811321,0.087122642,0.059009434,0.078207547,0.05259434,0.062169811,0.063726415,0.09240566,0.082971698,0.125566038,0.149669811,0.11995283,0.140707547,0.082830189,0.208915094,0.182641509,0.518726415,0.495660377,0.282122642,0.20004717,0.259811321,0.240943396,0.227830189,0.265990566,0.435754717,0.580471698,0.407169811,0.381226415,0.129386792,0.563207547,0.480896226,0.400754717,0.466273585,0.374528302,0.314622642,0.269150943,0.326367925,0.323726415,0.921556604,0.758584906,0.906415094,0.275141509,0.459669811,0.485613208,0.39004717,0.289009434,0.267830189,0.36490566,0.355330189,0.836037736
vegetable,celery,,uw71,0.075235849,0.056037736,0.057075472,0.043113208,0.069622642,0.056509434,0.0675,0.044198113,0.05009434,0.055566038,0.064716981,0.053915094,0.071367925,0.087264151,0.062075472,0.039669811,0.054150943,0.03745283,0.049009434,0.053349057,0.107735849,0.183254717,0.151650943,0.141132075,0.055235849,0.054764151,0.053349057,0.149056604,0.227169811,0.201792453,0.046745283,0.072924528,0.063066038,0.063867925,0.053537736,0.475943396,0.4025,0.673066038,0.722924528,0.610613208,0.536415094,0.275141509,0.245801887,0.204009434,0.172924528,0.125707547,0.073632075,0.072877358,0.055330189,0.046415094,0.830330189,0.771981132,0.737264151,0.762169811,0.698490566,0.584481132,0.209669811,0.180613208,0.140518868,0.079433962,0.090990566,0.075660377,0.043207547,0.753773585,0.823962264,0.750235849,0.593301887,0.420943396,0.135377358,0.133584906,0.078632075
fruit,cherry,,uw71,0.091712963,0.083842593,0.094814815,0.158518519,0.091157407,0.085462963,0.099212963,0.205277778,0.135462963,0.272731481,0.085833333,0.07912037,0.079675926,0.090046296,0.220509259,0.14712963,0.187453704,0.361990741,0.334722222,0.342314815,0.080833333,0.122546296,0.10212963,0.097962963,0.183657407,0.134814815,0.088055556,0.115416667,0.12787037,0.126388889,0.611805556,0.380972222,0.340046296,0.496574074,0.497222222,0.17462963,0.134490741,0.299212963,0.279768519,0.188935185,0.1725,0.160277778,0.138888889,0.141574074,0.156064815,0.340694444,0.263148148,0.27537037,0.593842593,0.751805556,0.285601852,0.242037037,0.225138889,0.286064815,0.246527778,0.190324074,0.11,0.161342593,0.162546296,0.181435185,0.150694444,0.297268519,0.879953704,0.208703704,0.250324074,0.241944444,0.191157407,0.153518519,0.154027778,0.183564815,0.165324074
property,comfort,,uw71,0.510277778,0.44375,0.478055556,0.370046296,0.51287037,0.51125,0.570787037,0.407314815,0.443287037,0.367037037,0.572037037,0.564814815,0.613240741,0.719444444,0.459259259,0.621111111,0.645694444,0.42,0.507453704,0.339259259,0.467037037,0.576805556,0.561712963,0.634583333,0.246944444,0.38212963,0.43587963,0.556111111,0.609861111,0.606990741,0.489212963,0.619537037,0.672916667,0.551990741,0.385972222,0.484398148,0.472083333,0.366851852,0.49287037,0.531064815,0.556157407,0.317777778,0.438009259,0.599675926,0.582361111,0.331203704,0.503333333,0.628796296,0.560046296,0.294861111,0.368842593,0.430509259,0.408518519,0.417453704,0.505648148,0.516898148,0.404953704,0.591944444,0.605833333,0.438472222,0.555648148,0.394814815,0.320694444,0.341712963,0.327083333,0.364583333,0.37087963,0.381805556,0.455601852,0.491111111,0.436990741
vegetable,corn,,uw71,0.083066038,0.075849057,0.067971698,0.068915094,0.075566038,0.067735849,0.072830189,0.079622642,0.079575472,0.073820755,0.072216981,0.050613208,0.072877358,0.08740566,0.102830189,0.095188679,0.087169811,0.069716981,0.073820755,0.06745283,0.072971698,0.141415094,0.082877358,0.089198113,0.082688679,0.0775,0.065801887,0.162122642,0.210707547,0.191698113,0.088490566,0.097688679,0.101556604,0.074764151,0.062877358,0.214858491,0.157358491,0.493584906,0.481745283,0.325518868,0.315377358,0.220283019,0.3025,0.447122642,0.450566038,0.216179245,0.198160377,0.133867925,0.099150943,0.074481132,0.511320755,0.447971698,0.363537736,0.440849057,0.43990566,0.430566038,0.471037736,0.718207547,0.698962264,0.295896226,0.387830189,0.188349057,0.080188679,0.449198113,0.438962264,0.428443396,0.469481132,0.601132075,0.867971698,0.873632075,0.468349057
activity,driving,,uw71,0.445046296,0.43462963,0.367314815,0.246944444,0.505555556,0.449768519,0.365833333,0.307685185,0.303888889,0.281759259,0.50625,0.442546296,0.506944444,0.490092593,0.301157407,0.299814815,0.317592593,0.276296296,0.298194444,0.281898148,0.342037037,0.391990741,0.41037037,0.437407407,0.553981481,0.538472222,0.602175926,0.505972222,0.495509259,0.544259259,0.308333333,0.361157407,0.3275,0.378425926,0.37962963,0.408657407,0.401666667,0.60375,0.549722222,0.421435185,0.415185185,0.413657407,0.407638889,0.419490741,0.520555556,0.375046296,0.364490741,0.327777778,0.438333333,0.488055556,0.672083333,0.562824074,0.536527778,0.556435185,0.47287037,0.413240741,0.382592593,0.467638889,0.503425926,0.426666667,0.37162037,0.44787037,0.57662037,0.549583333,0.55787037,0.505046296,0.463703704,0.471388889,0.635555556,0.619953704,0.524351852
activity,eating,,uw71,0.331574074,0.308888889,0.296435185,0.276944444,0.349305556,0.296342593,0.313888889,0.339675926,0.294212963,0.280833333,0.341342593,0.302962963,0.316666667,0.394953704,0.326574074,0.329351852,0.354861111,0.315046296,0.321342593,0.323240741,0.311018519,0.345231481,0.379212963,0.357361111,0.191805556,0.175324074,0.276527778,0.332592593,0.397453704,0.406805556,0.417361111,0.38462963,0.447916667,0.403564815,0.381666667,0.368981481,0.370740741,0.612407407,0.550138889,0.484675926,0.41287037,0.425694444,0.401064815,0.437592593,0.448703704,0.476712963,0.488935185,0.509444444,0.517592593,0.446574074,0.608888889,0.502222222,0.438009259,0.547037037,0.513935185,0.464583333,0.450833333,0.543472222,0.530324074,0.551944444,0.556759259,0.582407407,0.515,0.446851852,0.525509259,0.4825,0.485324074,0.493194444,0.621018519,0.638981481,0.610185185
property,efficiency,,uw71,0.553703704,0.488796296,0.493055556,0.491851852,0.559907407,0.489027778,0.481157407,0.359768519,0.447824074,0.443935185,0.577824074,0.447962963,0.488101852,0.531990741,0.388425926,0.437592593,0.46375,0.363935185,0.461296296,0.462777778,0.54712963,0.471435185,0.578425926,0.546666667,0.292453704,0.320185185,0.394398148,0.50712963,0.623101852,0.601805556,0.296527778,0.390138889,0.469074074,0.441990741,0.417824074,0.584583333,0.534537037,0.45912037,0.470787037,0.503703704,0.495231481,0.296296296,0.346018519,0.397268519,0.509074074,0.286805556,0.377592593,0.475648148,0.413240741,0.433055556,0.546527778,0.583194444,0.573148148,0.492361111,0.544444444,0.524398148,0.385231481,0.473703704,0.509259259,0.363287037,0.492175926,0.453981481,0.457731481,0.599907407,0.595787037,0.626342593,0.510555556,0.561990741,0.492685185,0.511342593,0.546018519
vegetable,eggplant,,uw71,0.072028302,0.152358491,0.686132075,0.727830189,0.073679245,0.179528302,0.559292453,0.930235849,0.771556604,0.404009434,0.079292453,0.118679245,0.159009434,0.158962264,0.938490566,0.650566038,0.52254717,0.740754717,0.387971698,0.137735849,0.077924528,0.156320755,0.101933962,0.088160377,0.217971698,0.12495283,0.147877358,0.176084906,0.174669811,0.200754717,0.532264151,0.24754717,0.130188679,0.160707547,0.106509434,0.196933962,0.159716981,0.553066038,0.468962264,0.361037736,0.23509434,0.355849057,0.233160377,0.20245283,0.202877358,0.169528302,0.145660377,0.073443396,0.080801887,0.059103774,0.472122642,0.434292453,0.354575472,0.439292453,0.367169811,0.301367925,0.194103774,0.134481132,0.180660377,0.098632075,0.087264151,0.067028302,0.072358491,0.374764151,0.388820755,0.386603774,0.305801887,0.194292453,0.111698113,0.098018868,0.086603774
fruit,grape,,uw71,0.138888889,0.24662037,0.695555556,0.659027778,0.136296296,0.231064815,0.565555556,0.853009259,0.669675926,0.412083333,0.107916667,0.138981481,0.183564815,0.135324074,0.869351852,0.660277778,0.48712963,0.755416667,0.443888889,0.269351852,0.101851852,0.171574074,0.121157407,0.115972222,0.071111111,0.106759259,0.095046296,0.100416667,0.090509259,0.064583333,0.650509259,0.270231481,0.200509259,0.273009259,0.227916667,0.30462963,0.263009259,0.459675926,0.586388889,0.412407407,0.246805556,0.225138889,0.143611111,0.124074074,0.121898148,0.174722222,0.154259259,0.135509259,0.2175,0.223333333,0.572222222,0.540185185,0.422083333,0.581851852,0.511388889,0.370972222,0.151111111,0.147268519,0.141111111,0.125,0.14037037,0.153333333,0.180555556,0.454768519,0.54,0.533240741,0.417777778,0.323796296,0.1425,0.141759259,0.124212963
activity,leisure,,uw71,0.605972222,0.559814815,0.577546296,0.462083333,0.59462963,0.566481481,0.63162037,0.461574074,0.532175926,0.41087963,0.622222222,0.562314815,0.63125,0.67162037,0.536990741,0.59037037,0.605740741,0.414444444,0.447824074,0.410555556,0.555833333,0.604490741,0.623333333,0.631296296,0.2675,0.317083333,0.365833333,0.52,0.495138889,0.483518519,0.46375,0.509212963,0.548842593,0.507222222,0.40212963,0.536851852,0.507824074,0.491759259,0.537916667,0.553101852,0.559351852,0.344814815,0.411574074,0.500972222,0.532453704,0.325694444,0.491944444,0.540185185,0.482222222,0.412638889,0.505925926,0.549305556,0.519212963,0.441064815,0.548611111,0.529583333,0.373194444,0.518796296,0.584722222,0.4325,0.569398148,0.421111111,0.390648148,0.476712963,0.500740741,0.491296296,0.478703704,0.517222222,0.555231481,0.566064815,0.498101852
vegetable,mushroom,,uw71,0.086933962,0.102735849,0.087735849,0.087641509,0.088867925,0.111839623,0.092735849,0.10990566,0.095,0.085377358,0.078867925,0.115943396,0.125849057,0.184858491,0.136273585,0.121509434,0.150707547,0.128254717,0.108773585,0.111084906,0.08259434,0.149386792,0.145330189,0.120424528,0.385330189,0.550424528,0.56745283,0.574716981,0.582688679,0.612735849,0.220990566,0.235660377,0.180754717,0.121603774,0.097358491,0.145141509,0.104669811,0.215754717,0.243584906,0.218066038,0.238820755,0.599245283,0.743160377,0.712075472,0.605283019,0.539811321,0.456745283,0.256886792,0.161037736,0.148396226,0.223915094,0.165707547,0.190943396,0.275801887,0.249292453,0.251367925,0.511084906,0.483867925,0.433207547,0.366981132,0.274481132,0.16004717,0.202264151,0.149198113,0.198915094,0.182122642,0.202122642,0.215707547,0.304669811,0.3025,0.211981132
fruit,peach,,uw71,0.080740741,0.077592593,0.096898148,0.131851852,0.075462963,0.086805556,0.097824074,0.12837963,0.146527778,0.196342593,0.073055556,0.083333333,0.084444444,0.086111111,0.124444444,0.185416667,0.233703704,0.180277778,0.285972222,0.24787037,0.076666667,0.122962963,0.086527778,0.102083333,0.085277778,0.064814815,0.074166667,0.096666667,0.110601852,0.102962963,0.257824074,0.474074074,0.630416667,0.478425926,0.279861111,0.10875,0.116666667,0.169212963,0.175787037,0.153981481,0.154259259,0.154166667,0.245509259,0.383564815,0.451527778,0.265231481,0.626574074,0.785185185,0.621527778,0.351296296,0.160092593,0.171157407,0.14787037,0.166574074,0.182175926,0.229074074,0.228101852,0.421435185,0.525185185,0.467777778,0.773101852,0.449305556,0.315138889,0.147314815,0.145555556,0.162916667,0.164074074,0.181944444,0.3475,0.45462963,0.581481481
property,reliability,,uw71,0.48787037,0.465277778,0.436203704,0.450138889,0.5275,0.48087963,0.536018519,0.41287037,0.432222222,0.409027778,0.522361111,0.447592593,0.495,0.551296296,0.411990741,0.451712963,0.526296296,0.439074074,0.463657407,0.422777778,0.484027778,0.536342593,0.501296296,0.514212963,0.305046296,0.370648148,0.398009259,0.590833333,0.602175926,0.593287037,0.443194444,0.529444444,0.547361111,0.534305556,0.428657407,0.436574074,0.434768519,0.447037037,0.450138889,0.512037037,0.473425926,0.359166667,0.385555556,0.477268519,0.575787037,0.399722222,0.469907407,0.535092593,0.502685185,0.382824074,0.476064815,0.430972222,0.461666667,0.402175926,0.508981481,0.440185185,0.41287037,0.547175926,0.520925926,0.490185185,0.514212963,0.447083333,0.395694444,0.384722222,0.461759259,0.427268519,0.419027778,0.417685185,0.496018519,0.546990741,0.527685185
property,safety,,uw71,0.537777778,0.467638889,0.455833333,0.328425926,0.557546296,0.504722222,0.494814815,0.42587963,0.402453704,0.370509259,0.552407407,0.502175926,0.56962963,0.638703704,0.418888889,0.5375,0.555787037,0.33912037,0.451805556,0.397361111,0.489583333,0.487916667,0.586157407,0.572083333,0.284398148,0.318657407,0.379490741,0.560509259,0.605787037,0.664953704,0.379768519,0.456157407,0.565462963,0.462407407,0.312777778,0.463101852,0.451203704,0.446481481,0.58375,0.558194444,0.512175926,0.329259259,0.388194444,0.57537037,0.584537037,0.40912037,0.488842593,0.512453704,0.469814815,0.325787037,0.464305556,0.500324074,0.498842593,0.47587963,0.569537037,0.505138889,0.439305556,0.549537037,0.566527778,0.461990741,0.513935185,0.398657407,0.321296296,0.46912037,0.520694444,0.473472222,0.456018519,0.536805556,0.534305556,0.525185185,0.493518519
activity,sleeping,,uw71,0.59337963,0.698611111,0.591388889,0.400277778,0.570092593,0.792546296,0.691805556,0.621111111,0.492916667,0.274907407,0.433287037,0.806342593,0.795324074,0.678842593,0.74962963,0.619537037,0.475601852,0.551481481,0.376666667,0.217453704,0.307731481,0.643101852,0.515972222,0.424166667,0.823796296,0.76875,0.712731481,0.616018519,0.395,0.455694444,0.631157407,0.515138889,0.418935185,0.341064815,0.208194444,0.36875,0.310277778,0.522592593,0.485694444,0.43537037,0.360416667,0.54087963,0.517685185,0.452268519,0.408240741,0.487314815,0.452453704,0.330509259,0.305046296,0.156898148,0.422546296,0.306944444,0.268703704,0.433888889,0.318888889,0.321712963,0.448425926,0.358055556,0.308148148,0.356157407,0.303935185,0.274953704,0.159907407,0.217962963,0.244444444,0.21375,0.255046296,0.223333333,0.25,0.266342593,0.247731481
property,speed,,uw71,0.518935185,0.424768519,0.432638889,0.499166667,0.455694444,0.336203704,0.41787037,0.33787037,0.412824074,0.614305556,0.549351852,0.256111111,0.29662037,0.368009259,0.224814815,0.340555556,0.44587963,0.335092593,0.446898148,0.611157407,0.589675926,0.325,0.44787037,0.53287037,0.249027778,0.232731481,0.203472222,0.343009259,0.53212963,0.458009259,0.243287037,0.304027778,0.468935185,0.400555556,0.590694444,0.591851852,0.615648148,0.334351852,0.395138889,0.461851852,0.463101852,0.212777778,0.230787037,0.337222222,0.411759259,0.259768519,0.321157407,0.418611111,0.53787037,0.691064815,0.531666667,0.625972222,0.583888889,0.382685185,0.506435185,0.534259259,0.286481481,0.442037037,0.4675,0.397453704,0.446527778,0.534907407,0.708888889,0.721157407,0.676064815,0.696805556,0.548148148,0.631435185,0.602962963,0.618101852,0.596944444
activity,working,,uw71,0.422916667,0.483425926,0.325185185,0.277453704,0.447962963,0.507824074,0.391064815,0.346018519,0.305833333,0.282175926,0.380555556,0.583981481,0.500833333,0.407222222,0.444490741,0.404953704,0.320648148,0.380324074,0.319444444,0.222638889,0.338796296,0.468935185,0.436018519,0.419166667,0.617175926,0.68125,0.65162037,0.652638889,0.569305556,0.576851852,0.510231481,0.405277778,0.330509259,0.34337963,0.233240741,0.415324074,0.380509259,0.55287037,0.552268519,0.449953704,0.423287037,0.531666667,0.566296296,0.510601852,0.486296296,0.505833333,0.494074074,0.310787037,0.375833333,0.325462963,0.491666667,0.445324074,0.420277778,0.513425926,0.431712963,0.365833333,0.505324074,0.42912037,0.460185185,0.426388889,0.379953704,0.431944444,0.37875,0.395787037,0.40287037,0.382916667,0.437222222,0.394861111,0.428148148,0.464212963,0.419027778
natural resources,sunshine,32,uw71,0.401171875,0.2059375,0.190859375,0.191796875,0.394296875,0.16125,0.18953125,0.133515625,0.224453125,0.238828125,0.478828125,0.14546875,0.156328125,0.343203125,0.092734375,0.147421875,0.27671875,0.1359375,0.232265625,0.29609375,0.3809375,0.187421875,0.3478125,0.392578125,0.008828125,0.00640625,0.052421875,0.28953125,0.51125,0.451015625,0.097578125,0.21671875,0.39140625,0.324140625,0.297265625,0.28609375,0.33765625,0.124921875,0.17578125,0.360625,0.40765625,0.062109375,0.2609375,0.541875,0.611328125,0.171953125,0.3203125,0.47171875,0.367578125,0.345,0.2575,0.33890625,0.37140625,0.22375,0.471796875,0.575390625,0.370546875,0.7825,0.775859375,0.55390625,0.6590625,0.6009375,0.394609375,0.361328125,0.378125,0.473359375,0.606171875,0.839296875,0.902734375,0.9315625,0.83453125
natural resources,shade,32,uw71,0.3346875,0.548046875,0.388515625,0.243203125,0.35015625,0.648203125,0.442890625,0.5521875,0.278671875,0.139375,0.13578125,0.76234375,0.641953125,0.2725,0.67484375,0.42546875,0.233203125,0.491640625,0.200390625,0.119609375,0.110703125,0.482109375,0.223828125,0.183203125,0.935546875,0.9490625,0.819375,0.432109375,0.108203125,0.180546875,0.6890625,0.398125,0.175390625,0.228671875,0.09203125,0.179453125,0.131015625,0.645625,0.48453125,0.20609375,0.136015625,0.76828125,0.610234375,0.274765625,0.151171875,0.625078125,0.43109375,0.191171875,0.1753125,0.085078125,0.323125,0.198828125,0.1284375,0.411640625,0.26640625,0.14484375,0.488828125,0.197265625,0.14515625,0.330703125,0.16984375,0.201328125,0.08,0.1359375,0.136953125,0.1215625,0.194375,0.118828125,0.13171875,0.094296875,0.1259375
natural resources,ocean water,38,uw71,0.881710526,0.794539474,0.373552632,0.082434211,0.886315789,0.836973684,0.530394737,0.102697368,0.108684211,0.046644737,0.859013158,0.799473684,0.811644737,0.734407895,0.107828947,0.160394737,0.132894737,0.064342105,0.069736842,0.027105263,0.735263158,0.677631579,0.740855263,0.691907895,0.158092105,0.194473684,0.315131579,0.351315789,0.280921053,0.321842105,0.067434211,0.101118421,0.103355263,0.057894737,0.027960526,0.536578947,0.512763158,0.219013158,0.314144737,0.384144737,0.365789474,0.125,0.140131579,0.195592105,0.212434211,0.071578947,0.096184211,0.053289474,0.041578947,0.019934211,0.200921053,0.281842105,0.354013158,0.212697368,0.23375,0.181973684,0.094868421,0.103421053,0.114473684,0.062434211,0.070986842,0.038355263,0.012302632,0.152828947,0.190328947,0.181118421,0.155789474,0.078486842,0.043355263,0.060197368,0.044013158
natural resources,tree foliage,38,uw71,0.045657895,0.052171053,0.120789474,0.077039474,0.073355263,0.073552632,0.101184211,0.101710526,0.097631579,0.083157895,0.109736842,0.090394737,0.090526316,0.071381579,0.114473684,0.123092105,0.122960526,0.14625,0.157105263,0.082960526,0.136118421,0.46,0.147697368,0.178092105,0.050328947,0.096184211,0.125789474,0.078421053,0.081052632,0.098815789,0.290394737,0.221052632,0.171118421,0.178026316,0.101513158,0.521907895,0.397434211,0.957763158,0.818026316,0.555789474,0.465986842,0.653355263,0.527236842,0.295131579,0.258815789,0.510394737,0.4825,0.196644737,0.330723684,0.148552632,0.930592105,0.775460526,0.635,0.874013158,0.671710526,0.476447368,0.592039474,0.500592105,0.380789474,0.549539474,0.41,0.517828947,0.271315789,0.682302632,0.761710526,0.616710526,0.634407895,0.516184211,0.521578947,0.492105263,0.483815789
natural resources,glacial ice,38,uw71,0.706118421,0.517105263,0.341907895,0.099013158,0.762236842,0.521578947,0.524473684,0.071907895,0.148881579,0.065197368,0.775460526,0.485131579,0.76375,0.879407895,0.098684211,0.165460526,0.292434211,0.045,0.093421053,0.040723684,0.703947368,0.515328947,0.748881579,0.829473684,0.070789474,0.281315789,0.515723684,0.778881579,0.864671053,0.877763158,0.040263158,0.093815789,0.175197368,0.071578947,0.033289474,0.445789474,0.526315789,0.059144737,0.170526316,0.374934211,0.533815789,0.055723684,0.13375,0.360921053,0.439671053,0.038223684,0.053223684,0.124078947,0.044276316,0.015921053,0.088815789,0.200789474,0.273421053,0.079868421,0.169671053,0.254539474,0.046513158,0.146973684,0.201578947,0.066052632,0.105526316,0.031184211,0.017039474,0.109144737,0.103815789,0.1425,0.094210526,0.120657895,0.068157895,0.078618421,0.046710526
natural resources,ground soil,38,uw71,0.029144737,0.023618421,0.041842105,0.04,0.027236842,0.020592105,0.054802632,0.062039474,0.058618421,0.033355263,0.034342105,0.074539474,0.068157895,0.045986842,0.075460526,0.070197368,0.053618421,0.081513158,0.059605263,0.022434211,0.025065789,0.130855263,0.083947368,0.063355263,0.444210526,0.488289474,0.374210526,0.202236842,0.089605263,0.104802632,0.436842105,0.261184211,0.099934211,0.072171053,0.033026316,0.1175,0.073881579,0.329802632,0.289473684,0.159605263,0.132039474,0.894671053,0.753947368,0.413618421,0.254078947,0.885328947,0.648947368,0.235789474,0.184144737,0.056907895,0.217171053,0.164407895,0.114605263,0.293026316,0.216513158,0.163486842,0.651776316,0.378157895,0.295,0.618223684,0.303684211,0.292960526,0.075986842,0.107039474,0.135855263,0.124013158,0.144671053,0.123421053,0.229934211,0.202763158,0.263157895
natural resources,wild fire,38,uw71,0.055065789,0.054605263,0.083092105,0.120263158,0.035131579,0.065460526,0.050328947,0.104473684,0.099342105,0.192236842,0.044736842,0.044407895,0.065986842,0.108026316,0.08,0.117960526,0.154868421,0.175394737,0.232236842,0.260526316,0.049802632,0.060986842,0.075197368,0.081447368,0.294802632,0.303881579,0.269276316,0.249342105,0.204802632,0.223618421,0.363552632,0.310065789,0.282171053,0.404605263,0.418223684,0.07625,0.083223684,0.121907895,0.116315789,0.062236842,0.102828947,0.266184211,0.288684211,0.294868421,0.302171053,0.535460526,0.541644737,0.418684211,0.712368421,0.719013158,0.110986842,0.078618421,0.074605263,0.139736842,0.165855263,0.145592105,0.370328947,0.441578947,0.454539474,0.776513158,0.620131579,0.876052632,0.889407895,0.065328947,0.108815789,0.111907895,0.193947368,0.242631579,0.676578947,0.639934211,0.792039474
natural resources,a lot of sunshine,31,uw71_sub,,,,,0.59733871,0.255403226,,0.165483871,0.310322581,,0.667258065,0.266370968,,,0.164032258,,,0.225645161,,,0.623145161,0.387903226,,,,0.045241935,0.113548387,0.297177419,,0.456935484,0.157822581,,0.466370968,,,,,0.311048387,,,,,,,0.629596774,,,,,,0.46483871,,,,,,,0.79983871,0.805564516,,,,,,,,0.708709677,0.829677419,0.885967742,0.944112903,0.8025
natural resources ,no sunshine,31,uw71_sub,,,,,0.318387097,0.625725806,,0.619112903,0.458951613,,0.225,0.633548387,,,0.678145161,,,0.570483871,,,0.237741935,0.461693548,,,,0.935241935,0.813387097,0.620725806,,0.450645161,0.636774194,,0.375967742,,,,,0.508790323,,,,,,,0.246209677,,,,,,0.3275,,,,,,,0.122258065,0.145,,,,,,,,0.1575,0.126451613,0.112258065,0.056290323,0.156048387
clothes,dress,,uw58,0.722708333,0.70984375,0.676510417,0.689010417,0.700520833,0.75390625,0.691979167,0.698072917,0.698072917,0.650989583,0.635625,0.729322917,0.689166667,0.681197917,0.703177083,0.67828125,0.6790625,0.6971875,0.7284375,0.64078125,,0.641770833,0.6353125,,0.839635417,0.749270833,0.692760417,0.691510417,0.83515625,,0.620729167,0.62890625,0.704791667,0.696927083,0.663385417,0.63015625,,0.64619792,0.61442708,0.62416667,,0.47953125,0.561822917,0.630677083,,0.57828125,0.60484375,0.684791667,0.65109375,0.643958333,0.598489583,0.5878125,,0.5728125,0.582552083,,0.505677083,0.6471875,,0.527083333,0.567291667,0.581979167,0.626927083,,0.52625,,0.516614583,,0.652864583,,0.577447917
clothes,pants,,uw58,0.59125,0.62515625,0.501458333,0.387395833,0.602291667,0.68375,0.560520833,0.452916667,0.443697917,0.39390625,0.533385417,0.770416667,0.652552083,0.583333333,0.476458333,0.476666667,0.525625,0.446979167,0.44609375,0.403802083,,0.523177083,0.475572917,,0.87296875,0.825885417,0.76734375,0.766822917,0.804427083,,0.564270833,0.5296875,0.502708333,0.4284375,0.398854167,0.403385417,,0.53505208,0.52098958,0.4978125,,0.614583333,0.675052083,0.701197917,,0.664166667,0.5234375,0.448541667,0.4353125,0.3675,0.437447917,0.427395833,,0.497239583,0.485104167,,0.485052083,0.548854167,,0.462135417,0.475052083,0.4215625,0.394114583,,0.390572917,,0.411822917,,0.451979167,,0.43640625
clothes,shirt,,uw58,0.683645833,0.719270833,0.697291667,0.625052083,0.733020833,0.769427083,0.722083333,0.658333333,0.654322917,0.605572917,0.67453125,0.759739583,0.730885417,0.767604167,0.665625,0.664322917,0.696614583,0.621666667,0.704895833,0.561927083,,0.684375,0.657760417,,0.865729167,0.808385417,0.79734375,0.808177083,0.885885417,,0.630052083,0.60296875,0.737916667,0.637135417,0.543125,0.5471875,,0.61994792,0.63192708,0.61739583,,0.5053125,0.583541667,0.72671875,,0.545208333,0.55109375,0.618177083,0.603645833,0.506666667,0.60828125,0.548802083,,0.543177083,0.629010417,,0.5021875,0.650208333,,0.53359375,0.576458333,0.551979167,0.604322917,,0.48859375,,0.5165625,,0.550677083,,0.52890625
clothes,shoes,,uw58,0.505,0.50984375,0.408177083,0.409583333,0.53609375,0.5446875,0.4325,0.376354167,0.381875,0.37953125,0.471145833,0.629114583,0.547395833,0.544479167,0.442864583,0.432552083,0.425208333,0.430729167,0.40625,0.383177083,,0.4478125,0.450677083,,0.874010417,0.805416667,0.744375,0.718697917,0.815104167,,0.503385417,0.41953125,0.433802083,0.446979167,0.444739583,0.386145833,,0.47588542,0.43005208,0.4165625,,0.612552083,0.57328125,0.60125,,0.618333333,0.493125,0.443072917,0.412447917,0.405885417,0.390625,0.401875,,0.419270833,0.39921875,,0.433072917,0.477291667,,0.44625,0.45171875,0.406041667,0.52234375,,0.364947917,,0.402291667,,0.432135417,,0.40640625
clothes,socks,,uw58,0.49484375,0.545208333,0.526302083,0.461458333,0.488333333,0.596197917,0.516041667,0.455260417,0.465989583,0.416197917,0.479947917,0.590364583,0.576979167,0.609635417,0.528177083,0.482604167,0.531302083,0.45859375,0.454791667,0.401614583,,0.46890625,0.476197917,,0.868020833,0.790729167,0.764427083,0.7928125,0.88984375,,0.535625,0.4778125,0.562708333,0.423125,0.400104167,0.446145833,,0.54083333,0.43942708,0.43911458,,0.58578125,0.623125,0.670833333,,0.526875,0.46609375,0.45421875,0.432239583,0.402552083,0.495572917,0.4265625,,0.5171875,0.43109375,,0.4778125,0.48203125,,0.50890625,0.425208333,0.40875,0.41359375,,0.42859375,,0.440677083,,0.467708333,,0.456041667
directions,above,,uw58,0.707034884,0.642151163,0.611976744,0.588023256,0.660755814,0.653662791,0.614127907,0.503081395,0.585872093,0.612732558,0.676162791,0.550755814,0.651104651,0.637790698,0.51872093,0.532965116,0.561511628,0.520290698,0.589302326,0.560872093,,0.550523256,0.673313953,,0.539302326,0.408313953,0.473837209,0.545988372,0.654127907,,0.513953488,0.497093023,0.560872093,0.603662791,0.58505814,0.599476744,,0.44453488,0.52,0.58110465,,0.475930233,0.457267442,0.510523256,,0.470988372,0.554186047,0.575290698,0.545639535,0.623546512,0.504709302,0.585348837,,0.508895349,0.542325581,,0.501686047,0.635232558,,0.530465116,0.60372093,0.596918605,0.617034884,,0.575872093,,0.577965116,,0.640406977,,0.622209302
directions,below,,uw58,0.463953488,0.565174419,0.470697674,0.512034884,0.502209302,0.572034884,0.496046512,0.608662791,0.539244186,0.501918605,0.479186047,0.569883721,0.575174419,0.491104651,0.629825581,0.530348837,0.516686047,0.609244186,0.56127907,0.461104651,,0.60877907,0.468662791,,0.55372093,0.580232558,0.570872093,0.491744186,0.486860465,,0.569069767,0.520174419,0.508081395,0.513488372,0.464186047,0.522267442,,0.63389535,0.62639535,0.54930233,,0.589302326,0.602616279,0.517616279,,0.555581395,0.546046512,0.493255814,0.49377907,0.485116279,0.554418605,0.53994186,,0.6225,0.500174419,,0.577383721,0.546569767,,0.591337209,0.53,0.54494186,0.452732558,,0.53877907,,0.437965116,,0.461337209,,0.488313953
directions,beside,,uw58,0.58494186,0.575697674,0.566104651,0.56872093,0.544127907,0.581337209,0.61,0.590697674,0.54994186,0.558837209,0.601511628,0.567383721,0.609476744,0.625930233,0.565988372,0.587674419,0.603895349,0.611976744,0.499883721,0.515232558,,0.594709302,0.606627907,,0.542151163,0.53255814,0.541918605,0.616046512,0.614476744,,0.541686047,0.58622093,0.585406977,0.509709302,0.489767442,0.576162791,,0.56023256,0.55709302,0.57302326,,0.526686047,0.539534884,0.595697674,,0.542267442,0.551802326,0.549593023,0.540465116,0.516395349,0.51122093,0.542965116,,0.579825581,0.578546512,,0.503546512,0.548488372,,0.56877907,0.552965116,0.579127907,0.554011628,,0.519418605,,0.528662791,,0.576395349,,0.573372093
directions,far,,uw58,0.504651163,0.533139535,0.507034884,0.533895349,0.512151163,0.568139535,0.529767442,0.593197674,0.53622093,0.538255814,0.495755814,0.609186047,0.566162791,0.52627907,0.607965116,0.585232558,0.529011628,0.6,0.559186047,0.561569767,,0.63122093,0.525174419,,0.570406977,0.611918605,0.605813953,0.510523256,0.475,,0.622325581,0.584244186,0.520930233,0.564069767,0.555697674,0.536569767,,0.63069767,0.60354651,0.60732558,,0.607616279,0.547616279,0.529418605,,0.598430233,0.549186047,0.502790698,0.581569767,0.545988372,0.552209302,0.531860465,,0.557965116,0.517616279,,0.531395349,0.490232558,,0.551395349,0.529825581,0.539418605,0.522732558,,0.502325581,,0.513546512,,0.47372093,,0.504069767
directions,near,,uw58,0.623313953,0.634476744,0.649069767,0.603372093,0.638953488,0.610930233,0.669651163,0.557906977,0.617325581,0.612906977,0.653255814,0.553662791,0.584186047,0.571569767,0.506744186,0.538488372,0.613604651,0.571744186,0.530697674,0.578139535,,0.523139535,0.601976744,,0.481395349,0.476337209,0.460406977,0.571104651,0.636162791,,0.503430233,0.519302326,0.570406977,0.519651163,0.576686047,0.575348837,,0.49459302,0.50645349,0.52790698,,0.48755814,0.503546512,0.571860465,,0.517151163,0.505639535,0.563313953,0.563604651,0.537151163,0.549709302,0.5925,,0.468197674,0.563197674,,0.497906977,0.601976744,,0.519709302,0.569767442,0.6025,0.568372093,,0.579302326,,0.618895349,,0.615348837,,0.600174419
emotions,angry,,uw58,0.388536585,0.495304878,0.374085366,0.420243902,0.394756098,0.472378049,0.409756098,0.494329268,0.40445122,0.434695122,0.346036585,0.523719512,0.440060976,0.348963415,0.531585366,0.46,0.402682927,0.529817073,0.434695122,0.443719512,,0.419817073,0.408719512,,0.56445122,0.564512195,0.524085366,0.342012195,0.315,,0.562195122,0.449634146,0.385853659,0.427012195,0.440304878,0.377012195,,0.46670732,0.50536585,0.41146341,,0.583597561,0.517195122,0.408719512,,0.612012195,0.505426829,0.362865854,0.522865854,0.533353659,0.387195122,0.348597561,,0.453292683,0.38847561,,0.507682927,0.436036585,,0.440243902,0.500182927,0.563170732,0.648780488,,0.421829268,,0.43347561,,0.442256098,,0.434329268
emotions,disgust,,uw58,0.416829268,0.46695122,0.471341463,0.456829268,0.444634146,0.550121951,0.466158537,0.53945122,0.429695122,0.449512195,0.450609756,0.573292683,0.513780488,0.405487805,0.522804878,0.489268293,0.415853659,0.554207317,0.471707317,0.487317073,,0.470914634,0.380426829,,0.573841463,0.657134146,0.509817073,0.419939024,0.353536585,,0.594756098,0.554207317,0.41445122,0.52597561,0.457378049,0.40804878,,0.57,0.51993902,0.44018293,,0.684268293,0.615304878,0.405670732,,0.643658537,0.606341463,0.482743902,0.473963415,0.544573171,0.521219512,0.475609756,,0.560914634,0.47902439,,0.620304878,0.49804878,,0.631707317,0.447317073,0.567743902,0.487012195,,0.454695122,,0.498414634,,0.535243902,,0.480121951
emotions,fearful,,uw58,0.42195122,0.503780488,0.483963415,0.437926829,0.466158537,0.567621951,0.459756098,0.540060976,0.467439024,0.475304878,0.396646341,0.506158537,0.462256098,0.40402439,0.50304878,0.48847561,0.409878049,0.568902439,0.453658537,0.472256098,,0.487195122,0.412073171,,0.673780488,0.602621951,0.567804878,0.420182927,0.328963415,,0.564146341,0.462682927,0.392073171,0.482682927,0.50097561,0.417439024,,0.52146341,0.52158537,0.4375,,0.553109756,0.512987805,0.442621951,,0.58347561,0.554207317,0.417987805,0.510304878,0.516707317,0.461402439,0.442012195,,0.532012195,0.401768293,,0.496768293,0.405853659,,0.498902439,0.404329268,0.538841463,0.594146341,,0.448658537,,0.430426829,,0.498292683,,0.47402439
emotions,happy,,uw58,0.655731707,0.630792683,0.657256098,0.691829268,0.629573171,0.583231707,0.619573171,0.592987805,0.682865854,0.645853659,0.669146341,0.505853659,0.538780488,0.621219512,0.522560976,0.628536585,0.670731707,0.563658537,0.657134146,0.629634146,,0.542682927,0.697378049,,0.36097561,0.382682927,0.491097561,0.617012195,0.731280488,,0.468292683,0.521158537,0.657317073,0.604695122,0.617256098,0.701219512,,0.54554878,0.57914634,0.63847561,,0.42097561,0.460487805,0.631463415,,0.470243902,0.497073171,0.64652439,0.54804878,0.589695122,0.622682927,0.705,,0.595060976,0.677621951,,0.547439024,0.618658537,,0.513353659,0.639634146,0.607378049,0.594146341,,0.740182927,,0.676402439,,0.664329268,,0.685792683
emotions,sad,,uw58,0.439390244,0.493597561,0.467073171,0.386890244,0.462012195,0.566036585,0.463902439,0.492743902,0.437743902,0.341890244,0.335304878,0.616768293,0.558658537,0.419085366,0.623841463,0.465243902,0.396097561,0.485670732,0.365121951,0.406341463,,0.549756098,0.377682927,,0.637439024,0.642256098,0.61902439,0.453170732,0.387378049,,0.624146341,0.514939024,0.388170732,0.391463415,0.358109756,0.403658537,,0.53920732,0.5279878,0.40182927,,0.645609756,0.616890244,0.43152439,,0.623963415,0.55195122,0.421341463,0.45402439,0.389512195,0.478292683,0.397256098,,0.466036585,0.367865854,,0.567378049,0.41597561,,0.561036585,0.396158537,0.473902439,0.404817073,,0.377378049,,0.40347561,,0.389512195,,0.390182927
fruit,blueberry,,uw58,0.707453704,0.761342593,0.68587963,0.595231481,0.725601852,0.789398148,0.705833333,0.713611111,0.660509259,0.521157407,0.635185185,0.760324074,0.725972222,0.583518519,0.719027778,0.578611111,0.502638889,0.630601852,0.523425926,0.46787037,,0.572361111,0.55537037,,0.403796296,0.465740741,0.383055556,0.423194444,0.378194444,,0.518055556,0.482824074,0.409814815,0.465740741,0.425138889,0.455277778,,0.4399537,0.43824074,0.45523148,,0.398240741,0.40462963,0.41087963,,0.444861111,0.408703704,0.397731481,0.407175926,0.439722222,0.431435185,0.445092593,,0.404768519,0.379398148,,0.387592593,0.405925926,,0.414814815,0.388842593,0.395787037,0.383472222,,0.419166667,,0.376388889,,0.396944444,,0.433888889
fruit,lemon,,uw58,0.380925926,0.372916667,0.375138889,0.36537037,0.343703704,0.38662037,0.369861111,0.394398148,0.357638889,0.350925926,0.398333333,0.362222222,0.389305556,0.377916667,0.352916667,0.383287037,0.380648148,0.389166667,0.378240741,0.340833333,,0.454953704,0.420046296,,0.348472222,0.349583333,0.365740741,0.374583333,0.41587963,,0.371481481,0.35662037,0.393009259,0.375462963,0.344675926,0.466018519,,0.54717593,0.54347222,0.5224537,,0.430787037,0.42712963,0.450324074,,0.367361111,0.403333333,0.39837963,0.380648148,0.363425926,0.569166667,0.558842593,,0.573194444,0.581481481,,0.554907407,0.622222222,,0.456666667,0.460046296,0.364074074,0.378287037,,0.576388889,,0.704305556,,0.72912037,,0.604212963
fruit,mango,,uw58,0.358564815,0.390740741,0.357546296,0.371111111,0.35837963,0.364861111,0.367685185,0.38,0.366388889,0.383935185,0.353333333,0.370185185,0.37875,0.378101852,0.402037037,0.37787037,0.375324074,0.393518519,0.369305556,0.369490741,,0.395416667,0.37587963,,0.339537037,0.37212963,0.312916667,0.373287037,0.348703704,,0.412731481,0.412175926,0.45662037,0.430740741,0.389444444,0.415648148,,0.51638889,0.49384259,0.40800926,,0.409583333,0.447037037,0.473981481,,0.434074074,0.546111111,0.481388889,0.546944444,0.446388889,0.535277778,0.491851852,,0.534398148,0.502407407,,0.591481481,0.618472222,,0.671759259,0.684907407,0.643009259,0.508888889,,0.527546296,,0.609861111,,0.738703704,,0.795462963
fruit,strawberry,,uw58,0.366574074,0.384814815,0.416990741,0.437685185,0.372222222,0.392083333,0.415324074,0.435046296,0.440925926,0.493148148,0.399444444,0.386944444,0.371666667,0.391527778,0.405092593,0.412638889,0.474490741,0.508287037,0.520231481,0.605092593,,0.388518519,0.370833333,,0.360925926,0.338518519,0.365925926,0.406574074,0.426018519,,0.561296296,0.562083333,0.550555556,0.651574074,0.627083333,0.4225,,0.46078704,0.44550926,0.43527778,,0.371574074,0.383611111,0.376805556,,0.43787037,0.505462963,0.483287037,0.668518519,0.682453704,0.469768519,0.461712963,,0.471203704,0.438657407,,0.413055556,0.371990741,,0.431898148,0.438472222,0.541805556,0.765185185,,0.419583333,,0.417685185,,0.387268519,,0.423657407
fruit,watermelon,,uw58,0.361342593,0.384490741,0.384398148,0.396527778,0.364722222,0.382546296,0.364398148,0.387407407,0.39875,0.434768519,0.406712963,0.360324074,0.394583333,0.363240741,0.389398148,0.39962963,0.409768519,0.422314815,0.494305556,0.50212963,,0.463888889,0.426296296,,0.378055556,0.384814815,0.370787037,0.366388889,0.405046296,,0.468055556,0.506759259,0.518842593,0.602175926,0.577037037,0.546018519,,0.70083333,0.63587963,0.54291667,,0.389537037,0.39287037,0.400324074,,0.412777778,0.453009259,0.499259259,0.642175926,0.636990741,0.665555556,0.625601852,,0.593842593,0.536898148,,0.414490741,0.430416667,,0.423703704,0.415601852,0.484814815,0.650185185,,0.622777778,,0.538194444,,0.445416667,,0.421990741
scenes,beach,,uw58,0.706847826,0.616032609,0.412771739,0.32201087,0.708532609,0.672119565,0.465054348,0.333043478,0.337173913,0.323478261,0.688478261,0.624402174,0.704293478,0.675271739,0.315869565,0.336847826,0.45125,0.328586957,0.298641304,0.316141304,,0.555380435,0.585597826,,0.367717391,0.441630435,0.48375,0.584130435,0.579728261,,0.316086957,0.354728261,0.447228261,0.368858696,0.299728261,0.427717391,,0.40798913,0.41190217,0.46429348,,0.400217391,0.576902174,0.727445652,,0.385923913,0.515380435,0.541847826,0.365597826,0.342119565,0.405706522,0.391630435,,0.408478261,0.416793478,,0.444836957,0.575815217,,0.50875,0.65201087,0.438695652,0.356358696,,0.321630435,,0.395217391,,0.560923913,,0.467119565
scenes,field,,uw58,0.357065217,0.362880435,0.365706522,0.339130435,0.348967391,0.362282609,0.338967391,0.352391304,0.315543478,0.345597826,0.408043478,0.379293478,0.386413043,0.410597826,0.334184783,0.37048913,0.383043478,0.335,0.366304348,0.329456522,,0.517065217,0.395108696,,0.329565217,0.364293478,0.389891304,0.387880435,0.376032609,,0.375326087,0.349782609,0.348804348,0.405,0.339347826,0.543858696,,0.74005435,0.70027174,0.62777174,,0.546956522,0.504076087,0.509184783,,0.442391304,0.487826087,0.395434783,0.393369565,0.332717391,0.730706522,0.711956522,,0.712336957,0.640978261,,0.57076087,0.512771739,,0.51923913,0.469347826,0.425652174,0.356304348,,0.690380435,,0.591195652,,0.490543478,,0.460706522
scenes,ocean,,uw58,0.73048913,0.718043478,0.576304348,0.315,0.799021739,0.740108696,0.602228261,0.387771739,0.325706522,0.300434783,0.718097826,0.731358696,0.811086957,0.72,0.366086957,0.367065217,0.33798913,0.300217391,0.297119565,0.285597826,,0.60923913,0.705815217,,0.452826087,0.427445652,0.408478261,0.444619565,0.448152174,,0.293586957,0.288532609,0.324728261,0.316684783,0.270869565,0.477336957,,0.39043478,0.4011413,0.44619565,,0.371086957,0.302608696,0.402065217,,0.359184783,0.341032609,0.307119565,0.297663043,0.283641304,0.376684783,0.386630435,,0.392119565,0.338586957,,0.343641304,0.350108696,,0.305869565,0.319891304,0.302608696,0.28673913,,0.320706522,,0.31076087,,0.360706522,,0.324293478
scenes,sky,,uw58,0.779945652,0.718695652,0.55451087,0.40548913,0.779184783,0.711467391,0.60576087,0.372934783,0.383586957,0.325434783,0.760869565,0.667445652,0.779728261,0.787282609,0.34548913,0.393641304,0.404130435,0.332065217,0.334565217,0.324402174,,0.500706522,0.63423913,,0.535597826,0.52298913,0.53125,0.56875,0.595652174,,0.32375,0.339021739,0.433206522,0.348804348,0.334782609,0.409565217,,0.26244565,0.31766304,0.38418478,,0.346521739,0.325597826,0.422826087,,0.302336957,0.351358696,0.4025,0.378478261,0.309456522,0.294076087,0.29701087,,0.271684783,0.337934783,,0.319891304,0.426086957,,0.364782609,0.435923913,0.398586957,0.345054348,,0.309891304,,0.314402174,,0.374347826,,0.413152174
scenes,sunset,,uw58,0.428858696,0.441902174,0.439619565,0.382554348,0.402771739,0.41875,0.428315217,0.360815217,0.36375,0.407173913,0.406956522,0.502336957,0.447880435,0.462934783,0.392336957,0.440815217,0.409293478,0.440380435,0.43173913,0.449021739,,0.369565217,0.422228261,,0.398315217,0.439619565,0.397445652,0.357336957,0.381304348,,0.446521739,0.511684783,0.464619565,0.507445652,0.484782609,0.347282609,,0.33086957,0.35554348,0.37097826,,0.381576087,0.412228261,0.412228261,,0.435543478,0.592934783,0.555108696,0.610380435,0.517826087,0.327717391,0.334293478,,0.356847826,0.389619565,,0.545652174,0.639728261,,0.716195652,0.685326087,0.696630435,0.567119565,,0.289021739,,0.410108696,,0.68,,0.736413043
times-of-day,dawn,,uw58,0.634186047,0.569825581,0.556686047,0.524360465,0.585465116,0.535116279,0.523023256,0.466976744,0.471802326,0.449767442,0.59377907,0.517034884,0.548313953,0.652093023,0.422093023,0.535639535,0.557209302,0.511744186,0.49877907,0.490116279,,0.503313953,0.51872093,,0.444593023,0.438837209,0.513372093,0.629767442,0.541860465,,0.475872093,0.563837209,0.58255814,0.511860465,0.514709302,0.488662791,,0.48383721,0.48901163,0.55331395,,0.42494186,0.493139535,0.595930233,,0.500872093,0.617906977,0.613662791,0.556104651,0.526162791,0.490174419,0.54255814,,0.495639535,0.494883721,,0.504767442,0.640813953,,0.587267442,0.6675,0.599476744,0.546744186,,0.48255814,,0.52627907,,0.644127907,,0.66127907
times-of-day,day,,uw58,0.698255814,0.574418605,0.536395349,0.48872093,0.706976744,0.531627907,0.61744186,0.43244186,0.488430233,0.46505814,0.744593023,0.496511628,0.576686047,0.740639535,0.458139535,0.476918605,0.580988372,0.472965116,0.540755814,0.522325581,,0.591744186,0.624069767,,0.362151163,0.415930233,0.477325581,0.697848837,0.742383721,,0.452209302,0.517732558,0.593895349,0.552034884,0.543255814,0.669534884,,0.5622093,0.58011628,0.60633721,,0.41377907,0.457616279,0.641453488,,0.453895349,0.51505814,0.58377907,0.539825581,0.50005814,0.675465116,0.596395349,,0.59377907,0.62255814,,0.509651163,0.631860465,,0.510872093,0.617209302,0.60244186,0.505813953,,0.65744186,,0.607848837,,0.715348837,,0.672325581
times-of-day,dusk,,uw58,0.561860465,0.633837209,0.606918605,0.522034884,0.592151163,0.656569767,0.610174419,0.620116279,0.59994186,0.555116279,0.483255814,0.668023256,0.626976744,0.523430233,0.644069767,0.624418605,0.531918605,0.606802326,0.548953488,0.505348837,,0.579244186,0.477209302,,0.621627907,0.662151163,0.605813953,0.601104651,0.531337209,,0.636511628,0.638430233,0.524883721,0.589244186,0.524418605,0.458139535,,0.53168605,0.54523256,0.46453488,,0.581395349,0.599069767,0.520697674,,0.596511628,0.625523256,0.583837209,0.546511628,0.522965116,0.50994186,0.43255814,,0.495872093,0.43627907,,0.602325581,0.477267442,,0.595523256,0.5375,0.604593023,0.489593023,,0.447848837,,0.438430233,,0.537325581,,0.495116279
times-of-day,night,,uw58,0.5,0.65255814,0.562267442,0.450755814,0.452325581,0.646802326,0.539651163,0.552790698,0.462616279,0.424186047,0.442906977,0.679127907,0.583895349,0.472790698,0.625523256,0.537383721,0.440116279,0.514127907,0.391453488,0.405290698,,0.555523256,0.430232558,,0.815872093,0.799418605,0.69244186,0.531686047,0.379593023,,0.635930233,0.521569767,0.385988372,0.446162791,0.38244186,0.423953488,,0.52813953,0.45953488,0.46389535,,0.62744186,0.516337209,0.45255814,,0.593488372,0.515930233,0.408953488,0.430930233,0.323488372,0.462383721,0.430930233,,0.441860465,0.402267442,,0.486104651,0.419418605,,0.483662791,0.438488372,0.394127907,0.378895349,,0.363837209,,0.378895349,,0.432616279,,0.426627907
times-of-day,noon,,uw58,0.668313953,0.519767442,0.494069767,0.442034884,0.664825581,0.46127907,0.490755814,0.369418605,0.455290698,0.487267442,0.684593023,0.480406977,0.535174419,0.690406977,0.367209302,0.412848837,0.504360465,0.416627907,0.474127907,0.447674419,,0.50505814,0.629302326,,0.299476744,0.358255814,0.380290698,0.579418605,0.701627907,,0.380348837,0.423139535,0.58255814,0.468081395,0.448197674,0.581337209,,0.40534884,0.4980814,0.60244186,,0.392616279,0.43122093,0.637151163,,0.38627907,0.462906977,0.570290698,0.569418605,0.496627907,0.580232558,0.613488372,,0.52994186,0.65,,0.434244186,0.647267442,,0.53877907,0.6375,0.574825581,0.560523256,,0.639302326,,0.659593023,,0.688081395,,0.682325581
animals,bear,48,uw71,0.168,0.223944444,0.100277778,0.090222222,0.215055556,0.268,0.113333333,0.152222222,0.087611111,0.071777778,0.163388889,0.316222222,0.276111111,0.234111111,0.150166667,0.164777778,0.113388889,0.1685,0.114555556,0.0905,0.1405,0.2535,0.230722222,0.190555556,0.798055556,0.646888889,0.527222222,0.541611111,0.573888889,0.606888889,0.418,0.290111111,0.178388889,0.157611111,0.129055556,0.154444444,0.113388889,0.462333333,0.4415,0.213333333,0.229888889,0.731333333,0.713944444,0.564444444,0.523666667,0.839277778,0.639277778,0.361944444,0.329333333,0.188277778,0.307833333,0.208166667,0.197111111,0.336,0.282333333,0.253555556,0.544666667,0.4065,0.407277778,0.621444444,0.418444444,0.329333333,0.284555556,0.165166667,0.213333333,0.197944444,0.219166667,0.183055556,0.362666667,0.305777778,0.3815
animals,bird,48,uw71,0.559722222,0.485277778,0.360444444,0.284666667,0.562833333,0.507444444,0.348722222,0.238666667,0.241222222,0.304555556,0.565055556,0.549777778,0.567333333,0.477611111,0.318888889,0.327777778,0.325722222,0.281166667,0.287055556,0.305444444,0.350611111,0.437666667,0.423111111,0.494777778,0.542555556,0.586722222,0.523111111,0.560722222,0.635333333,0.641111111,0.422722222,0.401944444,0.386111111,0.379722222,0.339777778,0.292388889,0.276333333,0.504277778,0.483055556,0.405111111,0.378444444,0.5345,0.516666667,0.602666667,0.5705,0.559944444,0.604722222,0.517222222,0.507555556,0.367222222,0.496166667,0.443666667,0.381722222,0.482111111,0.445,0.372444444,0.508777778,0.618722222,0.612833333,0.591611111,0.576111111,0.561833333,0.518444444,0.361722222,0.365944444,0.3955,0.362388889,0.4055,0.537611111,0.627,0.587777778
animals,fish,48,uw71,0.622166667,0.595944444,0.313777778,0.226944444,0.694444444,0.661666667,0.360111111,0.271333333,0.321111111,0.277222222,0.619888889,0.657277778,0.676166667,0.528055556,0.240388889,0.310888889,0.3095,0.260111111,0.279444444,0.247611111,0.451555556,0.556722222,0.556388889,0.4845,0.349166667,0.409055556,0.478333333,0.419,0.429222222,0.436111111,0.363,0.373277778,0.384833333,0.376,0.296222222,0.364777778,0.402277778,0.433,0.501222222,0.436,0.403055556,0.447055556,0.465277778,0.430666667,0.448333333,0.420944444,0.480777778,0.511777778,0.423222222,0.351777778,0.455333333,0.398888889,0.389333333,0.452722222,0.395833333,0.414388889,0.474,0.454055556,0.419111111,0.416222222,0.48,0.476277778,0.393444444,0.303111111,0.406722222,0.361777778,0.392222222,0.360166667,0.432944444,0.499333333,0.517444444
animals,frog,48,uw71,0.306277778,0.312555556,0.171777778,0.153388889,0.324333333,0.320333333,0.181722222,0.185166667,0.156666667,0.137111111,0.261888889,0.362222222,0.326444444,0.216611111,0.160277778,0.189611111,0.183888889,0.174888889,0.155111111,0.160444444,0.264944444,0.463111111,0.325,0.291,0.268111111,0.362611111,0.304555556,0.257222222,0.244722222,0.240444444,0.216555556,0.194888889,0.207777778,0.199722222,0.124722222,0.5075,0.474444444,0.909111111,0.853388889,0.614777778,0.492722222,0.669444444,0.522944444,0.322944444,0.312666667,0.423722222,0.374833333,0.264611111,0.183277778,0.190833333,0.899833333,0.793388889,0.691777778,0.831833333,0.715888889,0.580166667,0.557055556,0.290111111,0.324222222,0.325611111,0.2815,0.270722222,0.199444444,0.761666667,0.797833333,0.700388889,0.625388889,0.556611111,0.308444444,0.274333333,0.238111111
animals,lion,48,uw71,0.138833333,0.139277778,0.068444444,0.126166667,0.164888889,0.180611111,0.145333333,0.142944444,0.119166667,0.112,0.128666667,0.203111111,0.203888889,0.162222222,0.153611111,0.123222222,0.136166667,0.151777778,0.121,0.119944444,0.114888889,0.1755,0.156111111,0.129166667,0.387277778,0.400666667,0.396944444,0.335944444,0.306444444,0.338833333,0.296666667,0.322388889,0.299111111,0.235388889,0.140277778,0.145666667,0.108166667,0.3065,0.296944444,0.238,0.197944444,0.549444444,0.690444444,0.669166667,0.6135,0.691611111,0.658166667,0.524277778,0.423055556,0.261944444,0.2805,0.189,0.174444444,0.307555556,0.282388889,0.230555556,0.609722222,0.775666667,0.735166667,0.805666667,0.791555556,0.657222222,0.389277778,0.185222222,0.198777778,0.212944444,0.273166667,0.313055556,0.728055556,0.792166667,0.851055556
automobiles,airplane,52,uw71,0.568333333,0.468970588,0.193480392,0.104264706,0.517745098,0.535833333,0.237303922,0.128970588,0.101568627,0.109656863,0.497156863,0.535294118,0.509754902,0.514754902,0.124313725,0.164901961,0.236715686,0.09122549,0.092058824,0.10245098,0.303382353,0.253480392,0.386127451,0.453039216,0.580686275,0.660441176,0.758480392,0.899754902,0.95127451,0.949656863,0.162401961,0.183823529,0.1875,0.14377451,0.140343137,0.190931373,0.197843137,0.226519608,0.184362745,0.230686275,0.284460784,0.158529412,0.264117647,0.384019608,0.475343137,0.201568627,0.134068627,0.17127451,0.211323529,0.14372549,0.166617647,0.188137255,0.201568627,0.173382353,0.177941176,0.229215686,0.168970588,0.232843137,0.271666667,0.136617647,0.20495098,0.157205882,0.402303922,0.199166667,0.184607843,0.230882353,0.172352941,0.159558824,0.258676471,0.276568627,0.201911765
automobiles,boat,52,uw71,0.678921569,0.66504902,0.239068627,0.146078431,0.690882353,0.67,0.285539216,0.151127451,0.178382353,0.160931373,0.645147059,0.725,0.665441176,0.625784314,0.179117647,0.196862745,0.1875,0.14504902,0.13495098,0.142303922,0.491127451,0.421029412,0.492794118,0.523382353,0.652205882,0.708970588,0.732156863,0.794705882,0.844656863,0.852205882,0.195833333,0.171519608,0.213284314,0.158480392,0.165980392,0.258088235,0.273676471,0.256960784,0.240931373,0.246568627,0.233333333,0.284607843,0.336568627,0.477401961,0.565,0.307352941,0.219509804,0.245392157,0.196666667,0.216519608,0.218088235,0.191372549,0.208088235,0.235147059,0.191127451,0.191568627,0.244362745,0.294754902,0.319558824,0.231470588,0.237892157,0.219460784,0.386911765,0.191372549,0.188921569,0.196323529,0.197058824,0.188921569,0.255539216,0.296519608,0.229509804
automobiles,car,52,uw71,0.494705882,0.497352941,0.215686275,0.1325,0.441372549,0.585098039,0.218480392,0.156862745,0.14622549,0.132009804,0.294901961,0.552058824,0.425490196,0.374460784,0.180735294,0.178235294,0.164068627,0.132009804,0.136617647,0.161764706,0.224656863,0.229901961,0.268480392,0.295735294,0.883872549,0.768186275,0.752352941,0.752401961,0.824117647,0.780196078,0.265490196,0.157843137,0.204264706,0.174166667,0.132009804,0.184852941,0.194754902,0.385588235,0.284558824,0.182156863,0.202843137,0.274166667,0.387696078,0.397941176,0.409754902,0.297009804,0.250294118,0.183382353,0.250686275,0.35754902,0.265343137,0.251813725,0.172107843,0.260980392,0.199362745,0.187303922,0.249215686,0.313529412,0.297990196,0.312794118,0.176519608,0.322843137,0.767107843,0.213676471,0.250245098,0.181470588,0.183823529,0.259656863,0.376666667,0.331813725,0.301421569
automobiles,plane,52,uw71,0.561029412,0.545098039,0.209264706,0.114166667,0.553676471,0.576813725,0.302254902,0.144411765,0.141029412,0.120441176,0.549313725,0.555147059,0.578970588,0.534852941,0.178235294,0.196911765,0.201372549,0.129558824,0.122009804,0.105098039,0.375588235,0.278823529,0.420245098,0.432058824,0.643186275,0.644362745,0.746421569,0.819754902,0.891813725,0.863039216,0.154362745,0.177745098,0.218578431,0.127303922,0.129803922,0.205686275,0.225098039,0.196666667,0.266127451,0.256127451,0.279411765,0.181862745,0.31,0.426911765,0.505931373,0.244852941,0.195441176,0.265343137,0.19495098,0.239215686,0.205686275,0.205245098,0.230735294,0.213970588,0.23,0.245931373,0.202647059,0.268137255,0.292696078,0.202205882,0.203921569,0.146862745,0.343970588,0.170294118,0.195490196,0.186617647,0.200490196,0.22872549,0.255686275,0.286862745,0.20877451
automobiles,truck,52,uw71,0.402990196,0.485098039,0.15254902,0.112745098,0.412696078,0.531862745,0.208627451,0.167647059,0.111323529,0.117352941,0.221127451,0.578676471,0.433676471,0.286568627,0.188186275,0.16122549,0.133382353,0.12,0.098480392,0.096127451,0.171421569,0.267058824,0.233480392,0.237205882,0.872058824,0.832647059,0.780588235,0.713039216,0.751617647,0.771029412,0.276029412,0.216372549,0.15622549,0.115882353,0.088970588,0.163921569,0.184656863,0.418431373,0.311421569,0.255441176,0.173823529,0.45872549,0.454411765,0.452107843,0.436764706,0.40754902,0.250147059,0.197892157,0.222794118,0.264656863,0.317401961,0.176862745,0.157794118,0.30622549,0.229411765,0.197843137,0.315343137,0.324068627,0.309852941,0.335686275,0.205735294,0.287107843,0.568578431,0.175294118,0.187745098,0.173627451,0.208235294,0.156029412,0.273039216,0.222107843,0.25627451
values,evil,52,uw71,0.2719,0.4016,0.37545,0.3549,0.30855,0.4138,0.3852,0.4727,0.35425,0.3094,0.2051,0.4832,0.3925,0.22115,0.5712,0.35825,0.2067,0.47035,0.28955,0.28325,0.1747,0.37865,0.1933,0.19995,0.8037,0.7386,0.58865,0.3789,0.22605,0.2344,0.61075,0.34225,0.16125,0.2892,0.3164,0.2866,0.22385,0.56545,0.42535,0.2578,0.2232,0.6159,0.47785,0.2692,0.2059,0.5741,0.38145,0.265,0.42545,0.52055,0.471,0.31425,0.3123,0.50075,0.33175,0.29785,0.51185,0.2883,0.2411,0.44535,0.24105,0.42415,0.7076,0.31375,0.34525,0.35285,0.3799,0.3629,0.2953,0.2788,0.3023
values,greed,52,uw71,0.26025,0.32405,0.3217,0.3404,0.2381,0.39975,0.3003,0.39565,0.2984,0.2768,0.23605,0.42925,0.31575,0.24285,0.46455,0.26575,0.24365,0.4361,0.2676,0.2964,0.23305,0.3899,0.25285,0.24905,0.6949,0.60455,0.53315,0.33315,0.26265,0.2898,0.48015,0.2773,0.212,0.2696,0.27985,0.39235,0.31325,0.71895,0.6062,0.42755,0.3734,0.6542,0.4602,0.28905,0.2882,0.45715,0.32135,0.23575,0.29735,0.37415,0.611,0.56665,0.4478,0.6742,0.54845,0.4252,0.61845,0.3294,0.2704,0.38085,0.2883,0.38365,0.5242,0.51885,0.5341,0.518,0.50935,0.4405,0.3937,0.3477,0.32225
values,justice,52,uw71,0.48435,0.4996,0.3655,0.3493,0.4912,0.55655,0.3757,0.38525,0.3841,0.33025,0.4529,0.5319,0.5678,0.5128,0.4261,0.3773,0.4046,0.3631,0.36185,0.3004,0.34145,0.43425,0.39425,0.4129,0.50295,0.45165,0.52985,0.65935,0.7171,0.74625,0.48565,0.41255,0.44135,0.4321,0.3139,0.31365,0.32885,0.37185,0.36785,0.37515,0.3895,0.2994,0.35835,0.4903,0.56105,0.36395,0.388,0.4033,0.43535,0.3697,0.3292,0.3341,0.2824,0.26535,0.2991,0.33135,0.31235,0.40625,0.42505,0.37115,0.40205,0.36315,0.52745,0.25185,0.2747,0.2673,0.28555,0.26015,0.4044,0.42285,0.34315
values,love,52,uw71,0.34125,0.2542,0.51675,0.599,0.35665,0.2957,0.5245,0.52045,0.6104,0.76765,0.3652,0.24355,0.3301,0.4379,0.4471,0.6081,0.7373,0.6435,0.79775,0.77925,0.36125,0.29935,0.3924,0.40725,0.12365,0.1063,0.1353,0.2994,0.50275,0.45585,0.55735,0.7373,0.8474,0.82635,0.8276,0.35765,0.3237,0.15745,0.2288,0.31175,0.3426,0.0866,0.1576,0.3238,0.38405,0.2588,0.42175,0.5928,0.7602,0.8361,0.1998,0.283,0.27585,0.1529,0.2751,0.2898,0.19285,0.3752,0.40915,0.2523,0.4419,0.45115,0.86675,0.23465,0.25285,0.24485,0.2488,0.2819,0.2909,0.4188,0.3922
values,peace,52,uw71,0.55635,0.3854,0.46965,0.45975,0.5655,0.41205,0.53935,0.37325,0.50045,0.4406,0.6163,0.4566,0.6215,0.7116,0.3984,0.6197,0.745,0.42015,0.5515,0.4486,0.5256,0.5038,0.62795,0.7052,0.123,0.20195,0.2786,0.5624,0.7767,0.7446,0.3771,0.59565,0.77065,0.60765,0.4953,0.5303,0.54845,0.36785,0.5224,0.65595,0.6571,0.1781,0.2451,0.5211,0.64175,0.22995,0.50765,0.654,0.54755,0.43715,0.42215,0.4897,0.5661,0.3923,0.5601,0.58635,0.2128,0.4924,0.6141,0.34995,0.54805,0.35655,0.2809,0.43175,0.4243,0.44885,0.3884,0.4799,0.4609,0.5254,0.4137
weather,blizzard,53,uw71,0.712735849,0.595283019,0.416367925,0.20759434,0.692735849,0.642075472,0.474245283,0.220377358,0.268962264,0.214575472,0.728113208,0.676179245,0.75490566,0.806981132,0.268396226,0.309811321,0.321273585,0.200849057,0.197264151,0.175424528,0.616650943,0.432264151,0.697877358,0.762877358,0.449245283,0.524056604,0.665471698,0.794198113,0.874150943,0.87254717,0.227216981,0.222877358,0.227830189,0.18740566,0.167735849,0.315,0.395990566,0.131132075,0.18740566,0.239386792,0.388632075,0.190707547,0.256792453,0.409198113,0.500613208,0.151367925,0.169858491,0.220330189,0.195471698,0.18745283,0.119150943,0.122358491,0.154811321,0.143254717,0.163160377,0.221650943,0.195424528,0.208349057,0.254669811,0.167641509,0.175990566,0.190849057,0.169009434,0.132075472,0.112641509,0.133679245,0.151273585,0.147877358,0.183915094,0.151037736,0.143584906
weather,drought,53,uw71,0.144811321,0.153113208,0.153867925,0.112075472,0.143537736,0.214245283,0.171933962,0.153207547,0.150424528,0.128537736,0.152735849,0.208632075,0.264009434,0.298537736,0.185330189,0.226886792,0.162358491,0.181179245,0.151839623,0.164858491,0.163915094,0.231981132,0.200801887,0.197971698,0.449858491,0.550283019,0.611179245,0.543632075,0.401415094,0.446839623,0.36740566,0.322641509,0.241556604,0.20245283,0.18240566,0.158490566,0.152122642,0.259103774,0.263207547,0.259575472,0.310235849,0.657358491,0.826037736,0.782264151,0.702358491,0.6675,0.655471698,0.501839623,0.316037736,0.2725,0.217877358,0.191415094,0.207075472,0.263820755,0.269575472,0.348018868,0.750754717,0.751273585,0.743207547,0.646509434,0.569056604,0.442358491,0.341886792,0.163443396,0.154103774,0.202688679,0.284339623,0.269150943,0.613962264,0.63245283,0.551603774
weather,hurricane,53,uw71,0.663679245,0.618632075,0.271886792,0.203867925,0.680660377,0.693679245,0.380896226,0.302641509,0.247783019,0.180471698,0.56509434,0.759339623,0.73990566,0.549669811,0.329669811,0.256933962,0.213537736,0.273207547,0.178490566,0.185896226,0.441981132,0.579339623,0.527971698,0.475235849,0.572783019,0.637358491,0.605707547,0.534339623,0.436603774,0.494669811,0.315707547,0.222783019,0.209292453,0.154386792,0.171367925,0.288632075,0.333396226,0.451320755,0.441179245,0.339716981,0.280896226,0.45495283,0.413679245,0.309575472,0.300754717,0.356037736,0.315896226,0.196556604,0.297641509,0.307735849,0.362830189,0.325471698,0.228962264,0.355990566,0.322122642,0.246650943,0.345707547,0.278915094,0.249528302,0.32995283,0.240754717,0.354716981,0.453773585,0.241556604,0.264150943,0.278066038,0.268066038,0.269622642,0.26009434,0.26990566,0.269103774
weather,lightning,53,uw71,0.465943396,0.39990566,0.329103774,0.240471698,0.452641509,0.43240566,0.307169811,0.224198113,0.246226415,0.266792453,0.458396226,0.427216981,0.390330189,0.432877358,0.216650943,0.226320755,0.261509434,0.197122642,0.18759434,0.236698113,0.445330189,0.264481132,0.378443396,0.470896226,0.5275,0.481367925,0.437216981,0.585896226,0.731886792,0.697924528,0.191037736,0.160990566,0.241084906,0.203632075,0.233773585,0.26745283,0.336273585,0.13259434,0.154622642,0.230943396,0.293066038,0.133915094,0.287735849,0.456273585,0.526084906,0.17254717,0.220471698,0.271037736,0.234764151,0.288301887,0.151556604,0.206037736,0.205471698,0.156981132,0.28254717,0.37759434,0.3525,0.568018868,0.588632075,0.267971698,0.357971698,0.274339623,0.316084906,0.219858491,0.223584906,0.253301887,0.381415094,0.47745283,0.634009434,0.649528302,0.442216981
weather,sandstorm,53,uw71,0.136886792,0.136320755,0.173490566,0.172877358,0.145283019,0.153773585,0.175471698,0.149622642,0.173679245,0.163301887,0.135943396,0.182641509,0.221084906,0.214009434,0.190943396,0.208867925,0.220141509,0.192358491,0.183018868,0.179575472,0.151886792,0.147216981,0.170471698,0.196320755,0.297830189,0.423915094,0.49259434,0.45009434,0.33745283,0.404716981,0.282924528,0.308962264,0.281698113,0.23759434,0.191320755,0.145141509,0.15259434,0.143301887,0.174386792,0.198396226,0.271509434,0.614528302,0.835707547,0.8175,0.795141509,0.632641509,0.680283019,0.564198113,0.365141509,0.244811321,0.128915094,0.130424528,0.150660377,0.196132075,0.248018868,0.318490566,0.738301887,0.857311321,0.817264151,0.725566038,0.68995283,0.4525,0.261933962,0.122641509,0.142264151,0.157924528,0.246037736,0.337169811,0.711650943,0.735566038,0.646037736